Names,Predictions
validation_pic (625).jpg,9.0
validation_pic (275).jpg,14.0
validation_pic (330).jpg,12.0
validation_pic (449).jpg,14.0
validation_pic (90).jpg,11.0
validation_pic (222).jpg,12.0
validation_pic (388).jpg,1.0
validation_pic (672).jpg,11.0
validation_pic (367).jpg,13.0
validation_pic (28).jpg,16.0
validation_pic (664).jpg,7.0
validation_pic (234).jpg,18.0
validation_pic (2).jpg,2.0
validation_pic (371).jpg,1.0
validation_pic (408).jpg,2.0
validation_pic (263).jpg,9.0
validation_pic (633).jpg,11.0
validation_pic (326).jpg,12.0
validation_pic (86).jpg,2.0
validation_pic (69).jpg,13.0
validation_pic (218).jpg,12.0
validation_pic (648).jpg,0.0
validation_pic (561).jpg,4.0
validation_pic (131).jpg,16.0
validation_pic (12).jpg,15.0
validation_pic (424).jpg,15.0
validation_pic (45).jpg,1.0
validation_pic (166).jpg,9.0
validation_pic (536).jpg,15.0
validation_pic (189).jpg,3.0
validation_pic (473).jpg,9.0
validation_pic (259).jpg,5.0
validation_pic (609).jpg,12.0
validation_pic (520).jpg,15.0
validation_pic (170).jpg,11.0
validation_pic (53).jpg,8.0
validation_pic (465).jpg,9.0
validation_pic (127).jpg,9.0
validation_pic (577).jpg,0.0
validation_pic (598).jpg,11.0
validation_pic (432).jpg,19.0
validation_pic (445).jpg,6.0
validation_pic (500).jpg,16.0
validation_pic (150).jpg,14.0
validation_pic (73).jpg,1.0
validation_pic (279).jpg,5.0
validation_pic (629).jpg,1.0
validation_pic (296).jpg,0.0
validation_pic (412).jpg,18.0
validation_pic (24).jpg,18.0
validation_pic (107).jpg,19.0
validation_pic (557).jpg,17.0
validation_pic (384).jpg,16.0
validation_pic (691).jpg,6.0
validation_pic (404).jpg,17.0
validation_pic (541).jpg,11.0
validation_pic (111).jpg,9.0
validation_pic (32).jpg,14.0
validation_pic (238).jpg,18.0
validation_pic (392).jpg,3.0
validation_pic (668).jpg,14.0
validation_pic (687).jpg,9.0
validation_pic (453).jpg,9.0
validation_pic (65).jpg,9.0
validation_pic (146).jpg,19.0
validation_pic (516).jpg,12.0
validation_pic (280).jpg,14.0
validation_pic (582).jpg,0.0
validation_pic (428).jpg,9.0
validation_pic (701).jpg,6.0
validation_pic (351).jpg,16.0
validation_pic (644).jpg,6.0
validation_pic (214).jpg,12.0
validation_pic (490).jpg,4.0
validation_pic (49).jpg,7.0
validation_pic (185).jpg,3.0
validation_pic (306).jpg,13.0
validation_pic (243).jpg,11.0
validation_pic (613).jpg,5.0
validation_pic (486).jpg,9.0
validation_pic (193).jpg,9.0
validation_pic (469).jpg,9.0
validation_pic (310).jpg,17.0
validation_pic (605).jpg,8.0
validation_pic (255).jpg,19.0
validation_pic (594).jpg,0.0
validation_pic (347).jpg,5.0
validation_pic (202).jpg,12.0
validation_pic (652).jpg,4.0
validation_pic (346).jpg,9.0
validation_pic (716).jpg,0.0
validation_pic (203).jpg,12.0
validation_pic (653).jpg,2.0
validation_pic (595).jpg,0.0
validation_pic (311).jpg,17.0
validation_pic (604).jpg,16.0
validation_pic (254).jpg,14.0
validation_pic (487).jpg,10.0
validation_pic (192).jpg,3.0
validation_pic (468).jpg,5.0
validation_pic (307).jpg,17.0
validation_pic (242).jpg,9.0
validation_pic (612).jpg,19.0
validation_pic (491).jpg,8.0
validation_pic (48).jpg,5.0
validation_pic (184).jpg,3.0
validation_pic (700).jpg,18.0
validation_pic (350).jpg,10.0
validation_pic (645).jpg,3.0
validation_pic (215).jpg,12.0
validation_pic (583).jpg,0.0
validation_pic (429).jpg,9.0
validation_pic (281).jpg,6.0
validation_pic (452).jpg,10.0
validation_pic (64).jpg,19.0
validation_pic (147).jpg,9.0
validation_pic (517).jpg,17.0
validation_pic (239).jpg,9.0
validation_pic (393).jpg,3.0
validation_pic (669).jpg,18.0
validation_pic (686).jpg,6.0
validation_pic (405).jpg,3.0
validation_pic (540).jpg,9.0
validation_pic (110).jpg,12.0
validation_pic (33).jpg,6.0
validation_pic (385).jpg,18.0
validation_pic (690).jpg,9.0
validation_pic (413).jpg,19.0
validation_pic (25).jpg,11.0
validation_pic (106).jpg,6.0
validation_pic (556).jpg,17.0
validation_pic (278).jpg,9.0
validation_pic (628).jpg,15.0
validation_pic (297).jpg,0.0
validation_pic (444).jpg,6.0
validation_pic (501).jpg,13.0
validation_pic (151).jpg,4.0
validation_pic (72).jpg,15.0
validation_pic (126).jpg,5.0
validation_pic (576).jpg,0.0
validation_pic (599).jpg,13.0
validation_pic (433).jpg,9.0
validation_pic (521).jpg,16.0
validation_pic (171).jpg,16.0
validation_pic (52).jpg,18.0
validation_pic (464).jpg,12.0
validation_pic (258).jpg,13.0
validation_pic (608).jpg,1.0
validation_pic (44).jpg,2.0
validation_pic (167).jpg,8.0
validation_pic (537).jpg,4.0
validation_pic (188).jpg,3.0
validation_pic (472).jpg,9.0
validation_pic (560).jpg,11.0
validation_pic (130).jpg,19.0
validation_pic (13).jpg,9.0
validation_pic (425).jpg,1.0
validation_pic (219).jpg,12.0
validation_pic (649).jpg,11.0
validation_pic (87).jpg,11.0
validation_pic (68).jpg,7.0
validation_pic (262).jpg,13.0
validation_pic (632).jpg,9.0
validation_pic (327).jpg,12.0
validation_pic (409).jpg,19.0
validation_pic (665).jpg,18.0
validation_pic (235).jpg,14.0
validation_pic (3).jpg,14.0
validation_pic (370).jpg,1.0
validation_pic (29).jpg,9.0
validation_pic (223).jpg,12.0
validation_pic (389).jpg,12.0
validation_pic (673).jpg,12.0
validation_pic (366).jpg,9.0
validation_pic (448).jpg,8.0
validation_pic (91).jpg,18.0
validation_pic (624).jpg,18.0
validation_pic (274).jpg,12.0
validation_pic (331).jpg,9.0
validation_pic (443).jpg,16.0
validation_pic (75).jpg,2.0
validation_pic (506).jpg,12.0
validation_pic (156).jpg,9.0
validation_pic (290).jpg,10.0
validation_pic (414).jpg,13.0
validation_pic (101).jpg,18.0
validation_pic (551).jpg,13.0
validation_pic (22).jpg,13.0
validation_pic (382).jpg,18.0
validation_pic (678).jpg,2.0
validation_pic (228).jpg,12.0
validation_pic (697).jpg,9.0
validation_pic (402).jpg,3.0
validation_pic (34).jpg,9.0
validation_pic (547).jpg,16.0
validation_pic (117).jpg,3.0
validation_pic (394).jpg,3.0
validation_pic (681).jpg,9.0
validation_pic (8).jpg,6.0
validation_pic (455).jpg,9.0
validation_pic (140).jpg,11.0
validation_pic (510).jpg,9.0
validation_pic (63).jpg,13.0
validation_pic (639).jpg,3.0
validation_pic (269).jpg,9.0
validation_pic (286).jpg,7.0
validation_pic (18).jpg,14.0
validation_pic (584).jpg,0.0
validation_pic (707).jpg,3.0
validation_pic (357).jpg,18.0
validation_pic (642).jpg,6.0
validation_pic (212).jpg,12.0
validation_pic (496).jpg,9.0
validation_pic (183).jpg,3.0
validation_pic (479).jpg,9.0
validation_pic (300).jpg,0.0
validation_pic (245).jpg,14.0
validation_pic (615).jpg,15.0
validation_pic (480).jpg,9.0
validation_pic (59).jpg,14.0
validation_pic (195).jpg,3.0
validation_pic (316).jpg,12.0
validation_pic (603).jpg,19.0
validation_pic (253).jpg,9.0
validation_pic (438).jpg,6.0
validation_pic (592).jpg,0.0
validation_pic (341).jpg,9.0
validation_pic (711).jpg,15.0
validation_pic (204).jpg,12.0
validation_pic (654).jpg,3.0
validation_pic (623).jpg,9.0
validation_pic (273).jpg,13.0
validation_pic (336).jpg,9.0
validation_pic (96).jpg,5.0
validation_pic (79).jpg,18.0
validation_pic (224).jpg,9.0
validation_pic (674).jpg,7.0
validation_pic (361).jpg,3.0
validation_pic (418).jpg,17.0
validation_pic (398).jpg,0.0
validation_pic (662).jpg,3.0
validation_pic (232).jpg,9.0
validation_pic (4).jpg,11.0
validation_pic (377).jpg,14.0
validation_pic (38).jpg,17.0
validation_pic (265).jpg,13.0
validation_pic (635).jpg,17.0
validation_pic (320).jpg,12.0
validation_pic (459).jpg,9.0
validation_pic (80).jpg,9.0
validation_pic (14).jpg,19.0
validation_pic (567).jpg,0.0
validation_pic (137).jpg,14.0
validation_pic (422).jpg,19.0
validation_pic (588).jpg,0.0
validation_pic (619).jpg,16.0
validation_pic (249).jpg,18.0
validation_pic (160).jpg,12.0
validation_pic (530).jpg,9.0
validation_pic (43).jpg,13.0
validation_pic (475).jpg,5.0
validation_pic (55).jpg,7.0
validation_pic (526).jpg,3.0
validation_pic (176).jpg,14.0
validation_pic (199).jpg,12.0
validation_pic (463).jpg,9.0
validation_pic (658).jpg,2.0
validation_pic (208).jpg,1.0
validation_pic (121).jpg,14.0
validation_pic (571).jpg,0.0
validation_pic (434).jpg,11.0
validation_pic (120).jpg,9.0
validation_pic (570).jpg,0.0
validation_pic (435).jpg,14.0
validation_pic (659).jpg,6.0
validation_pic (209).jpg,12.0
validation_pic (54).jpg,19.0
validation_pic (527).jpg,9.0
validation_pic (177).jpg,17.0
validation_pic (198).jpg,13.0
validation_pic (462).jpg,9.0
validation_pic (161).jpg,14.0
validation_pic (531).jpg,17.0
validation_pic (42).jpg,13.0
validation_pic (474).jpg,6.0
validation_pic (618).jpg,5.0
validation_pic (248).jpg,5.0
validation_pic (15).jpg,1.0
validation_pic (566).jpg,0.0
validation_pic (136).jpg,14.0
validation_pic (423).jpg,15.0
validation_pic (589).jpg,0.0
validation_pic (458).jpg,18.0
validation_pic (81).jpg,18.0
validation_pic (264).jpg,13.0
validation_pic (634).jpg,0.0
validation_pic (321).jpg,12.0
validation_pic (39).jpg,10.0
validation_pic (399).jpg,5.0
validation_pic (663).jpg,9.0
validation_pic (233).jpg,7.0
validation_pic (5).jpg,9.0
validation_pic (376).jpg,5.0
validation_pic (419).jpg,9.0
validation_pic (225).jpg,5.0
validation_pic (675).jpg,12.0
validation_pic (360).jpg,3.0
validation_pic (97).jpg,18.0
validation_pic (78).jpg,13.0
validation_pic (622).jpg,15.0
validation_pic (272).jpg,19.0
validation_pic (337).jpg,16.0
validation_pic (340).jpg,5.0
validation_pic (710).jpg,2.0
validation_pic (205).jpg,12.0
validation_pic (655).jpg,11.0
validation_pic (439).jpg,1.0
validation_pic (593).jpg,0.0
validation_pic (317).jpg,12.0
validation_pic (602).jpg,13.0
validation_pic (252).jpg,3.0
validation_pic (481).jpg,9.0
validation_pic (58).jpg,9.0
validation_pic (194).jpg,3.0
validation_pic (301).jpg,0.0
validation_pic (244).jpg,16.0
validation_pic (614).jpg,16.0
validation_pic (497).jpg,9.0
validation_pic (182).jpg,3.0
validation_pic (478).jpg,8.0
validation_pic (706).jpg,4.0
validation_pic (356).jpg,3.0
validation_pic (643).jpg,6.0
validation_pic (213).jpg,12.0
validation_pic (19).jpg,9.0
validation_pic (585).jpg,0.0
validation_pic (638).jpg,0.0
validation_pic (268).jpg,9.0
validation_pic (287).jpg,9.0
validation_pic (454).jpg,9.0
validation_pic (141).jpg,14.0
validation_pic (511).jpg,4.0
validation_pic (62).jpg,14.0
validation_pic (395).jpg,3.0
validation_pic (680).jpg,16.0
validation_pic (9).jpg,9.0
validation_pic (403).jpg,5.0
validation_pic (35).jpg,4.0
validation_pic (546).jpg,7.0
validation_pic (116).jpg,17.0
validation_pic (383).jpg,14.0
validation_pic (679).jpg,4.0
validation_pic (229).jpg,12.0
validation_pic (696).jpg,14.0
validation_pic (415).jpg,9.0
validation_pic (100).jpg,15.0
validation_pic (550).jpg,2.0
validation_pic (23).jpg,9.0
validation_pic (291).jpg,9.0
validation_pic (442).jpg,2.0
validation_pic (74).jpg,13.0
validation_pic (507).jpg,15.0
validation_pic (157).jpg,17.0
validation_pic (206).jpg,12.0
validation_pic (656).jpg,9.0
validation_pic (343).jpg,18.0
validation_pic (713).jpg,9.0
validation_pic (590).jpg,0.0
validation_pic (601).jpg,2.0
validation_pic (251).jpg,10.0
validation_pic (314).jpg,12.0
validation_pic (197).jpg,14.0
validation_pic (482).jpg,9.0
validation_pic (178).jpg,18.0
validation_pic (528).jpg,4.0
validation_pic (247).jpg,18.0
validation_pic (617).jpg,1.0
validation_pic (302).jpg,0.0
validation_pic (181).jpg,3.0
validation_pic (494).jpg,14.0
validation_pic (640).jpg,9.0
validation_pic (210).jpg,12.0
validation_pic (705).jpg,9.0
validation_pic (355).jpg,12.0
validation_pic (586).jpg,0.0
validation_pic (139).jpg,17.0
validation_pic (569).jpg,0.0
validation_pic (284).jpg,16.0
validation_pic (61).jpg,5.0
validation_pic (142).jpg,2.0
validation_pic (512).jpg,9.0
validation_pic (457).jpg,9.0
validation_pic (683).jpg,2.0
validation_pic (379).jpg,16.0
validation_pic (396).jpg,18.0
validation_pic (545).jpg,6.0
validation_pic (115).jpg,14.0
validation_pic (36).jpg,9.0
validation_pic (400).jpg,4.0
validation_pic (695).jpg,2.0
validation_pic (380).jpg,9.0
validation_pic (20).jpg,16.0
validation_pic (103).jpg,4.0
validation_pic (553).jpg,13.0
validation_pic (416).jpg,13.0
validation_pic (338).jpg,1.0
validation_pic (292).jpg,8.0
validation_pic (504).jpg,19.0
validation_pic (154).jpg,16.0
validation_pic (77).jpg,18.0
validation_pic (98).jpg,7.0
validation_pic (441).jpg,19.0
validation_pic (436).jpg,6.0
validation_pic (123).jpg,16.0
validation_pic (573).jpg,0.0
validation_pic (461).jpg,1.0
validation_pic (524).jpg,11.0
validation_pic (174).jpg,15.0
validation_pic (57).jpg,8.0
validation_pic (318).jpg,12.0
validation_pic (477).jpg,9.0
validation_pic (41).jpg,18.0
validation_pic (498).jpg,10.0
validation_pic (162).jpg,4.0
validation_pic (532).jpg,19.0
validation_pic (420).jpg,14.0
validation_pic (565).jpg,0.0
validation_pic (135).jpg,17.0
validation_pic (16).jpg,6.0
validation_pic (359).jpg,14.0
validation_pic (709).jpg,6.0
validation_pic (82).jpg,13.0
validation_pic (322).jpg,9.0
validation_pic (288).jpg,9.0
validation_pic (267).jpg,10.0
validation_pic (637).jpg,6.0
validation_pic (119).jpg,6.0
validation_pic (549).jpg,10.0
validation_pic (6).jpg,14.0
validation_pic (375).jpg,16.0
validation_pic (660).jpg,2.0
validation_pic (230).jpg,1.0
validation_pic (699).jpg,9.0
validation_pic (363).jpg,9.0
validation_pic (226).jpg,9.0
validation_pic (676).jpg,10.0
validation_pic (158).jpg,16.0
validation_pic (508).jpg,17.0
validation_pic (94).jpg,5.0
validation_pic (334).jpg,8.0
validation_pic (621).jpg,9.0
validation_pic (271).jpg,1.0
validation_pic (335).jpg,16.0
validation_pic (620).jpg,7.0
validation_pic (270).jpg,10.0
validation_pic (159).jpg,1.0
validation_pic (509).jpg,1.0
validation_pic (95).jpg,9.0
validation_pic (698).jpg,19.0
validation_pic (362).jpg,9.0
validation_pic (227).jpg,13.0
validation_pic (677).jpg,18.0
validation_pic (7).jpg,7.0
validation_pic (374).jpg,5.0
validation_pic (661).jpg,10.0
validation_pic (231).jpg,18.0
validation_pic (118).jpg,3.0
validation_pic (548).jpg,19.0
validation_pic (323).jpg,12.0
validation_pic (289).jpg,9.0
validation_pic (266).jpg,9.0
validation_pic (636).jpg,13.0
validation_pic (83).jpg,14.0
validation_pic (358).jpg,6.0
validation_pic (708).jpg,11.0
validation_pic (421).jpg,15.0
validation_pic (564).jpg,0.0
validation_pic (134).jpg,8.0
validation_pic (17).jpg,11.0
validation_pic (476).jpg,9.0
validation_pic (40).jpg,16.0
validation_pic (499).jpg,9.0
validation_pic (163).jpg,9.0
validation_pic (533).jpg,4.0
validation_pic (319).jpg,12.0
validation_pic (460).jpg,9.0
validation_pic (525).jpg,11.0
validation_pic (175).jpg,17.0
validation_pic (56).jpg,18.0
validation_pic (437).jpg,2.0
validation_pic (122).jpg,11.0
validation_pic (572).jpg,0.0
validation_pic (505).jpg,14.0
validation_pic (155).jpg,18.0
validation_pic (76).jpg,8.0
validation_pic (99).jpg,15.0
validation_pic (440).jpg,14.0
validation_pic (339).jpg,13.0
validation_pic (293).jpg,6.0
validation_pic (21).jpg,4.0
validation_pic (102).jpg,1.0
validation_pic (552).jpg,5.0
validation_pic (417).jpg,12.0
validation_pic (694).jpg,13.0
validation_pic (381).jpg,17.0
validation_pic (544).jpg,17.0
validation_pic (114).jpg,14.0
validation_pic (37).jpg,5.0
validation_pic (401).jpg,16.0
validation_pic (682).jpg,9.0
validation_pic (378).jpg,18.0
validation_pic (397).jpg,3.0
validation_pic (60).jpg,9.0
validation_pic (143).jpg,4.0
validation_pic (513).jpg,9.0
validation_pic (456).jpg,9.0
validation_pic (285).jpg,9.0
validation_pic (587).jpg,0.0
validation_pic (138).jpg,17.0
validation_pic (568).jpg,6.0
validation_pic (641).jpg,7.0
validation_pic (211).jpg,12.0
validation_pic (704).jpg,1.0
validation_pic (354).jpg,14.0
validation_pic (180).jpg,19.0
validation_pic (495).jpg,9.0
validation_pic (246).jpg,9.0
validation_pic (616).jpg,19.0
validation_pic (303).jpg,0.0
validation_pic (196).jpg,3.0
validation_pic (483).jpg,9.0
validation_pic (179).jpg,15.0
validation_pic (529).jpg,6.0
validation_pic (600).jpg,9.0
validation_pic (250).jpg,18.0
validation_pic (315).jpg,12.0
validation_pic (591).jpg,0.0
validation_pic (207).jpg,12.0
validation_pic (657).jpg,15.0
validation_pic (342).jpg,10.0
validation_pic (712).jpg,10.0
validation_pic (430).jpg,9.0
validation_pic (125).jpg,8.0
validation_pic (575).jpg,0.0
validation_pic (349).jpg,12.0
validation_pic (467).jpg,9.0
validation_pic (51).jpg,19.0
validation_pic (522).jpg,19.0
validation_pic (488).jpg,9.0
validation_pic (172).jpg,18.0
validation_pic (471).jpg,1.0
validation_pic (164).jpg,9.0
validation_pic (534).jpg,19.0
validation_pic (47).jpg,13.0
validation_pic (308).jpg,12.0
validation_pic (426).jpg,7.0
validation_pic (10).jpg,11.0
validation_pic (563).jpg,4.0
validation_pic (133).jpg,1.0
validation_pic (518).jpg,19.0
validation_pic (148).jpg,9.0
validation_pic (84).jpg,13.0
validation_pic (324).jpg,1.0
validation_pic (261).jpg,16.0
validation_pic (631).jpg,5.0
validation_pic (689).jpg,13.0
validation_pic (373).jpg,16.0
validation_pic (666).jpg,1.0
validation_pic (236).jpg,16.0
validation_pic (559).jpg,2.0
validation_pic (109).jpg,4.0
validation_pic (365).jpg,15.0
validation_pic (220).jpg,12.0
validation_pic (670).jpg,16.0
validation_pic (92).jpg,8.0
validation_pic (298).jpg,0.0
validation_pic (332).jpg,19.0
validation_pic (627).jpg,6.0
validation_pic (277).jpg,9.0
validation_pic (200).jpg,12.0
validation_pic (650).jpg,11.0
validation_pic (345).jpg,10.0
validation_pic (715).jpg,4.0
validation_pic (596).jpg,0.0
validation_pic (579).jpg,0.0
validation_pic (129).jpg,10.0
validation_pic (607).jpg,19.0
validation_pic (257).jpg,19.0
validation_pic (312).jpg,12.0
validation_pic (191).jpg,3.0
validation_pic (484).jpg,9.0
validation_pic (241).jpg,3.0
validation_pic (611).jpg,13.0
validation_pic (304).jpg,0.0
validation_pic (187).jpg,3.0
validation_pic (538).jpg,3.0
validation_pic (492).jpg,9.0
validation_pic (168).jpg,1.0
validation_pic (646).jpg,9.0
validation_pic (216).jpg,12.0
validation_pic (703).jpg,11.0
validation_pic (353).jpg,9.0
validation_pic (580).jpg,0.0
validation_pic (282).jpg,18.0
validation_pic (328).jpg,12.0
validation_pic (144).jpg,3.0
validation_pic (514).jpg,9.0
validation_pic (67).jpg,9.0
validation_pic (88).jpg,17.0
validation_pic (451).jpg,9.0
validation_pic (685).jpg,17.0
validation_pic (390).jpg,4.0
validation_pic (30).jpg,14.0
validation_pic (543).jpg,9.0
validation_pic (113).jpg,13.0
validation_pic (406).jpg,18.0
validation_pic (693).jpg,10.0
validation_pic (369).jpg,19.0
validation_pic (386).jpg,16.0
validation_pic (105).jpg,9.0
validation_pic (555).jpg,11.0
validation_pic (26).jpg,15.0
validation_pic (410).jpg,9.0
validation_pic (294).jpg,0.0
validation_pic (71).jpg,11.0
validation_pic (502).jpg,16.0
validation_pic (152).jpg,14.0
validation_pic (447).jpg,18.0
validation_pic (70).jpg,18.0
validation_pic (503).jpg,14.0
validation_pic (153).jpg,9.0
validation_pic (446).jpg,14.0
validation_pic (295).jpg,0.0
validation_pic (104).jpg,9.0
validation_pic (554).jpg,16.0
validation_pic (27).jpg,12.0
validation_pic (411).jpg,14.0
validation_pic (692).jpg,2.0
validation_pic (368).jpg,5.0
validation_pic (387).jpg,16.0
validation_pic (31).jpg,14.0
validation_pic (542).jpg,9.0
validation_pic (112).jpg,11.0
validation_pic (407).jpg,6.0
validation_pic (684).jpg,18.0
validation_pic (391).jpg,3.0
validation_pic (145).jpg,17.0
validation_pic (515).jpg,16.0
validation_pic (66).jpg,12.0
validation_pic (89).jpg,10.0
validation_pic (450).jpg,9.0
validation_pic (283).jpg,9.0
validation_pic (329).jpg,12.0
validation_pic (581).jpg,0.0
validation_pic (647).jpg,6.0
validation_pic (217).jpg,12.0
validation_pic (702).jpg,2.0
validation_pic (352).jpg,16.0
validation_pic (186).jpg,4.0
validation_pic (539).jpg,9.0
validation_pic (493).jpg,9.0
validation_pic (169).jpg,18.0
validation_pic (240).jpg,1.0
validation_pic (610).jpg,10.0
validation_pic (305).jpg,9.0
validation_pic (190).jpg,3.0
validation_pic (485).jpg,9.0
validation_pic (606).jpg,9.0
validation_pic (256).jpg,18.0
validation_pic (313).jpg,12.0
validation_pic (597).jpg,0.0
validation_pic (578).jpg,0.0
validation_pic (128).jpg,13.0
validation_pic (201).jpg,12.0
validation_pic (651).jpg,6.0
validation_pic (344).jpg,18.0
validation_pic (714).jpg,11.0
validation_pic (299).jpg,0.0
validation_pic (333).jpg,12.0
validation_pic (626).jpg,9.0
validation_pic (276).jpg,16.0
validation_pic (93).jpg,9.0
validation_pic (364).jpg,9.0
validation_pic (221).jpg,12.0
validation_pic (671).jpg,12.0
validation_pic (558).jpg,11.0
validation_pic (108).jpg,10.0
validation_pic (1).jpg,9.0
validation_pic (688).jpg,11.0
validation_pic (372).jpg,5.0
validation_pic (667).jpg,19.0
validation_pic (237).jpg,16.0
validation_pic (325).jpg,12.0
validation_pic (260).jpg,5.0
validation_pic (630).jpg,1.0
validation_pic (519).jpg,1.0
validation_pic (149).jpg,13.0
validation_pic (85).jpg,17.0
validation_pic (427).jpg,9.0
validation_pic (11).jpg,10.0
validation_pic (562).jpg,4.0
validation_pic (132).jpg,9.0
validation_pic (309).jpg,17.0
validation_pic (470).jpg,9.0
validation_pic (165).jpg,9.0
validation_pic (535).jpg,6.0
validation_pic (46).jpg,14.0
validation_pic (466).jpg,9.0
validation_pic (50).jpg,19.0
validation_pic (523).jpg,6.0
validation_pic (489).jpg,5.0
validation_pic (173).jpg,16.0
validation_pic (348).jpg,15.0
validation_pic (431).jpg,14.0
validation_pic (124).jpg,16.0
validation_pic (574).jpg,0.0
